{
    "loss": 2.290163278579712,
    "accuracy": 0.7450980544090271
}